,,PLC -> PC,,,,,,PLC <- PC,,,,
,,,LS,MEL,COMMENT,,,,LS,MEL,COMMENT,
M000 PLC COMMUNICATION STATUS,M200 PLC COMMUNICATION STATUS,M,000,000,PLC COMMUNICATION STATUS,1SEC ON/OFF,,M,200,320,PLC COMMUNICATION STATUS,1 TIME READ/WRITE
M001 AUTO-MEAS. MODE,M201 AUTO-MEAS. SCREEN,M,001,001,AUTO-MEAS. MODE,SCREEN CHANGE,,M,201,321,AUTO-MEAS. SCREEN,
M002 MANU-MEAS. MODE,M202 MANU-MEAS. SCREEN,M,002,002,MANU-MEAS. MODE,SCREEN CHANGE,,M,202,322,MANU-MEAS. SCREEN,
M003 ZEROSET MODE,M203 ZEROSET SCREEN,M,003,003,ZEROSET MODE,SCREEN CHANGE,,M,203,323,ZEROSET SCREEN,
M004 ,M204 ,M,004,004,,,,M,204,324,,
M005 OP SELECT AUTO,M205 OP SELECT AUTO,M,005,005,OP SELECT AUTO,OFF:0/ON:1,,M,205,325,OP SELECT AUTO,X
M006 OP SELECT MANU,M206 OP SELECT MANU,M,006,006,OP SELECT MANU,OFF:0/ON:1,,M,206,326,OP SELECT MANU,X
M007 OP BUTTON ORIGIN,M207 OP BUTTON ORIGIN,M,007,007,OP BUTTON ORIGIN,OFF:0/ON:1,,M,207,327,OP BUTTON ORIGIN,O
M008 OP BUTTON BUZZER-STOP,M208 OP BUTTON BUZZER-STOP,M,008,008,OP BUTTON BUZZER-STOP,OFF:0/ON:1,,M,208,328,OP BUTTON BUZZER-STOP,O
M009 OP BUTTON RESET,M209 OP BUTTON RESET,M,009,009,OP BUTTON RESET,OFF:0/ON:1,,M,209,329,OP BUTTON RESET,O
M00A OP BUTTON E-STOP,M20A OP BUTTON E-STOP,M,00A,010,OP BUTTON E-STOP,OFF:0/ON:1,,M,20A,330,OP BUTTON E-STOP,O
M00B OP BUTTON WORK-OUT,M20B OP BUTTON WORK-OUT,M,00B,011,OP BUTTON WORK-OUT,OFF:0/ON:1,,M,20B,331,OP BUTTON WORK-OUT,X
M00C ,M20C AMP COMM ERR,M,00C,012,,,,M,20C,332,AMP COMM ERR,O
M00D ,M20D MARK COMM ERR,M,00D,013,,,,M,20D,333,MARK COMM ERR,O
M00E ,M20E ,M,00E,014,,,,M,20E,334,,
M00F ,M20F ,M,00F,015,,,,M,20F,335,,
M010 REQUEST SIG 1,M210 REQUEST SIG 1 or CYCLE 1,M,010,016,REQUEST SIG 1,,,M,210,336,REQUEST SIG 1 or CYCLE 1,MEAS
M011 REQUEST SIG 2,M211 REQUEST SIG 2 or CYCLE 2,M,011,017,REQUEST SIG 2,,,M,211,337,REQUEST SIG 2 or CYCLE 2,
M012 REQUEST SIG 3,M212 REQUEST SIG 3 or CYCLE 3,M,012,018,REQUEST SIG 3,,,M,212,338,REQUEST SIG 3 or CYCLE 3,
M013 REQUEST SIG 4,M213 REQUEST SIG 4 or CYCLE 4,M,013,019,REQUEST SIG 4,,,M,213,339,REQUEST SIG 4 or CYCLE 4,
M014 INITIALIZATION SIG 1,M214 RE-MEAS SIG 1,M,014,020,INITIALIZATION SIG 1,,,M,214,340,RE-MEAS SIG 1,NO JUDGMENT SIG
M015 INITIALIZATION SIG 2,M215 RE-MEAS SIG 2,M,015,021,INITIALIZATION SIG 2,,,M,215,341,RE-MEAS SIG 2,NO JUDGMENT SIG
M016 INITIALIZATION SIG 3,M216 RE-MEAS SIG 3,M,016,022,INITIALIZATION SIG 3,,,M,216,342,RE-MEAS SIG 3,NO JUDGMENT SIG
M017 INITIALIZATION SIG 4,M217 RE-MEAS SIG 4,M,017,023,INITIALIZATION SIG 4,,,M,217,343,RE-MEAS SIG 4,NO JUDGMENT SIG
M018 ,M218 SIG 1 JUDGMENT ,M,018,024,,,,M,218,344,SIG 1 JUDGMENT ,OK
M019 ,M219 SIG 1 JUDGMENT ,M,019,025,,,,M,219,345,SIG 1 JUDGMENT ,NG
M01A ,M21A SIG 2 JUDGMENT,M,01A,026,,,,M,21A,346,SIG 2 JUDGMENT,OK
M01B ,M21B SIG 2 JUDGMENT,M,01B,027,,,,M,21B,347,SIG 2 JUDGMENT,NG
M01C ,M21C SIG 3 JUDGMENT,M,01C,028,,,,M,21C,348,SIG 3 JUDGMENT,OK
M01D ,M21D SIG 3 JUDGMENT,M,01D,029,,,,M,21D,349,SIG 3 JUDGMENT,NG
M01E ,M21E SIG 4 JUDGMENT,M,01E,030,,,,M,21E,350,SIG 4 JUDGMENT,OK
M01F ,M21F SIG 4 JUDGMENT,M,01F,031,,,,M,21F,351,SIG 4 JUDGMENT,NG
M020 ,M220 SIG 1 FINISH,M,020,032,,,,M,220,352,SIG 1 FINISH,
M021 ,M221 SIG 2 FINISH,M,021,033,,,,M,221,353,SIG 2 FINISH,
M022 ,M222 SIG 3 FINISH,M,022,034,,,,M,222,354,SIG 3 FINISH,
M023 ,M223 SIG 4 FINISH,M,023,035,,,,M,223,355,SIG 4 FINISH,
M024 DATA SHIFT,M224 DATA SHIFT FB,M,024,036,DATA SHIFT,,,M,224,356,DATA SHIFT FB,
M025 TEXT REQUEST FOR MARKING,M225 TEXT REQUEST FOR MARKING FB,M,025,037,TEXT REQUEST FOR MARKING,마킹 시작,,M,225,357,TEXT REQUEST FOR MARKING FB,마킹완료
M026 ,M226 AUTO MASTERING,M,026,038,,,,M,226,358,AUTO MASTERING,
M027 ,M227 CONTINUOUS NG,M,027,039,,,,M,227,359,CONTINUOUS NG,
M028 1 MC NO 1,M228 BYPASS 1,M,028,040,1 MC NO 1,ㅇ,,M,228,360,BYPASS 1,측정 바이패스
M029 1 MC NO 2,M229 BYPASS 2,M,029,041,1 MC NO 2,ㅇ,,M,229,361,BYPASS 2,마킹 바이패스
M02A 1 MC NO 3,M22A BYPASS 3,M,02A,042,1 MC NO 3,,,M,22A,362,BYPASS 3,
M02B 1 MC NO 4,M22B BYPASS 4,M,02B,043,1 MC NO 4,,,M,22B,363,BYPASS 4,
M02C 2 MC NO 1,M22C BYPASS 5,M,02C,044,2 MC NO 1,ㅇ,,M,22C,364,BYPASS 5,
M02D 2 MC NO 2,M22D BYPASS 6,M,02D,045,2 MC NO 2,ㅇ,,M,22D,365,BYPASS 6,
M02E 2 MC NO 3,M22E BYPASS 7,M,02E,046,2 MC NO 3,,,M,22E,366,BYPASS 7,
M02F 2 MC NO 4,M22F BYPASS 8,M,02F,047,2 MC NO 4,,,M,22F,367,BYPASS 8,
M030 MODEL BIT 2^0,M230 MODEL BIT 2^0,M,030,048,MODEL BIT 2^0,,,M,230,368,MODEL BIT 2^0,
M031 MODEL BIT 2^1,M231 MODEL BIT 2^1,M,031,049,MODEL BIT 2^1,,,M,231,369,MODEL BIT 2^1,
M032 MODEL BIT 2^2,M232 MODEL BIT 2^2,M,032,050,MODEL BIT 2^2,,,M,232,370,MODEL BIT 2^2,
M033 MODEL BIT 2^3,M233 MODEL BIT 2^3,M,033,051,MODEL BIT 2^3,,,M,233,371,MODEL BIT 2^3,
M034 MODEL BIT 2^4,M234 MODEL BIT 2^4,M,034,052,MODEL BIT 2^4,,,M,234,372,MODEL BIT 2^4,
M035 MODEL BIT 2^5,M235 MODEL BIT 2^5,M,035,053,MODEL BIT 2^5,,,M,235,373,MODEL BIT 2^5,
M036 MODEL BIT 2^6,M236 MODEL BIT 2^6,M,036,054,MODEL BIT 2^6,,,M,236,374,MODEL BIT 2^6,
M037 MODEL BIT 2^7,M237 MODEL BIT 2^7,M,037,055,MODEL BIT 2^7,,,M,237,375,MODEL BIT 2^7,
M038 ,M238 MARKING CYCLE,M,038,056,,,,M,238,376,MARKING CYCLE,
M039 ,M239 ,M,039,057,,,,M,239,377,,
M03A ,M23A ,M,03A,058,,,,M,23A,378,,
M03B ,M23B ,M,03B,059,,,,M,23B,379,,
M03C ,M23C ,M,03C,060,,,,M,23C,380,,
M03D ,M23D ,M,03D,061,,,,M,23D,381,,
M03E ,M23E ,M,03E,062,,,,M,23E,382,,
M03F ,M23F ,M,03F,063,,,,M,23F,383,,
M040 MANU-SOL 1 HOME,M240 MANU-SOL 1,M,040,064,MANU-SOL 1 HOME,HOME,,M,240,384,MANU-SOL 1,이송로더_하강/상승
M041 MANU-SOL 1 ACT,M241 MANU-SOL 2,M,041,065,MANU-SOL 1 ACT,ACT,,M,241,385,MANU-SOL 2,이송로더_전진/후진
M042 MANU-SOL 2 HOME,M242 MANU-SOL 3,M,042,066,MANU-SOL 2 HOME,HOME,,M,242,386,MANU-SOL 3,이송로더_제품고정_동작/복귀
M043 MANU-SOL 2 ACT,M243 MANU-SOL 4,M,043,067,MANU-SOL 2 ACT,ACT,,M,243,387,MANU-SOL 4,측정부_하강/상승
M044 MANU-SOL 3 HOME,M244 MANU-SOL 5,M,044,068,MANU-SOL 3 HOME,HOME,,M,244,388,MANU-SOL 5,측정부_상부프로브_동작/복귀
M045 MANU-SOL 3 ACT,M245 MANU-SOL 6,M,045,069,MANU-SOL 3 ACT,ACT,,M,245,389,MANU-SOL 6,측정부_하부프로브_동작/복귀
M046 MANU-SOL 4 HOME,M246 MANU-SOL 7,M,046,070,MANU-SOL 4 HOME,HOME,,M,246,390,MANU-SOL 7,NG셔틀_상승/하강
M047 MANU-SOL 4 ACT,M247 MANU-SOL 8,M,047,071,MANU-SOL 4 ACT,ACT,,M,247,391,MANU-SOL 8,NG셔틀_후진/전진
M048 MANU-SOL 5 HOME,M248 MANU-SOL 9,M,048,072,MANU-SOL 5 HOME,HOME,,M,248,392,MANU-SOL 9,AIR BLOW #1(좌)
M049 MANU-SOL 5 ACT,M249 MANU-SOL 10,M,049,073,MANU-SOL 5 ACT,ACT,,M,249,393,MANU-SOL 10,AIR BLOW #2(우)
M04A MANU-SOL 6 HOME,M24A MANU-SOL 11,M,04A,074,MANU-SOL 6 HOME,HOME,,M,24A,394,MANU-SOL 11,NON_SELECT:0/SELECT:1
M04B MANU-SOL 6 ACT,M24B MANU-SOL 12,M,04B,075,MANU-SOL 6 ACT,ACT,,M,24B,395,MANU-SOL 12,NON_SELECT:0/SELECT:1
M04C MANU-SOL 7 HOME,M24C MANU-SOL 13,M,04C,076,MANU-SOL 7 HOME,HOME,,M,24C,396,MANU-SOL 13,NON_SELECT:0/SELECT:1
M04D MANU-SOL 7 ACT,M24D MANU-SOL 14,M,04D,077,MANU-SOL 7 ACT,ACT,,M,24D,397,MANU-SOL 14,NON_SELECT:0/SELECT:1
M04E MANU-SOL 8 HOME,M24E MANU-SOL 15,M,04E,078,MANU-SOL 8 HOME,HOME,,M,24E,398,MANU-SOL 15,NON_SELECT:0/SELECT:1
M04F MANU-SOL 8 ACT,M24F MANU-SOL 16,M,04F,079,MANU-SOL 8 ACT,ACT,,M,24F,399,MANU-SOL 16,NON_SELECT:0/SELECT:1
M050 MANU-SOL 9 HOME,M250 MANU-SOL 17,M,050,080,MANU-SOL 9 HOME,HOME,,M,250,400,MANU-SOL 17,NON_SELECT:0/SELECT:1
M051 MANU-SOL 9 ACT,M251 MANU-SOL 18,M,051,081,MANU-SOL 9 ACT,ACT,,M,251,401,MANU-SOL 18,NON_SELECT:0/SELECT:1
M052 MANU-SOL 10 HOME,M252 MANU-SOL 19,M,052,082,MANU-SOL 10 HOME,HOME,,M,252,402,MANU-SOL 19,NON_SELECT:0/SELECT:1
M053 MANU-SOL 10 ACT,M253 MANU-SOL 20,M,053,083,MANU-SOL 10 ACT,ACT,,M,253,403,MANU-SOL 20,NON_SELECT:0/SELECT:1
M054 MANU-SOL 11 HOME,M254 MANU-SOL 21,M,054,084,MANU-SOL 11 HOME,HOME,,M,254,404,MANU-SOL 21,NON_SELECT:0/SELECT:1
M055 MANU-SOL 11 ACT,M255 MANU-SOL 22,M,055,085,MANU-SOL 11 ACT,ACT,,M,255,405,MANU-SOL 22,NON_SELECT:0/SELECT:1
M056 MANU-SOL 12 HOME,M256 MANU-SOL 23,M,056,086,MANU-SOL 12 HOME,HOME,,M,256,406,MANU-SOL 23,NON_SELECT:0/SELECT:1
M057 MANU-SOL 12 ACT,M257 MANU-SOL 24,M,057,087,MANU-SOL 12 ACT,ACT,,M,257,407,MANU-SOL 24,NON_SELECT:0/SELECT:1
M058 MANU-SOL 13 HOME,M258 MANU-SOL 25,M,058,088,MANU-SOL 13 HOME,HOME,,M,258,408,MANU-SOL 25,NON_SELECT:0/SELECT:1
M059 MANU-SOL 13 ACT,M259 MANU-SOL 26,M,059,089,MANU-SOL 13 ACT,ACT,,M,259,409,MANU-SOL 26,NON_SELECT:0/SELECT:1
M05A MANU-SOL 14 HOME,M25A MANU-SOL 27,M,05A,090,MANU-SOL 14 HOME,HOME,,M,25A,410,MANU-SOL 27,NON_SELECT:0/SELECT:1
M05B MANU-SOL 14 ACT,M25B MANU-SOL 28,M,05B,091,MANU-SOL 14 ACT,ACT,,M,25B,411,MANU-SOL 28,NON_SELECT:0/SELECT:1
M05C MANU-SOL 15 HOME,M25C MANU-SOL 29,M,05C,092,MANU-SOL 15 HOME,HOME,,M,25C,412,MANU-SOL 29,NON_SELECT:0/SELECT:1
M05D MANU-SOL 15 ACT,M25D MANU-SOL 30,M,05D,093,MANU-SOL 15 ACT,ACT,,M,25D,413,MANU-SOL 30,NON_SELECT:0/SELECT:1
M05E MANU-SOL 16 HOME,M25E MANU-SOL 31,M,05E,094,MANU-SOL 16 HOME,HOME,,M,25E,414,MANU-SOL 31,NON_SELECT:0/SELECT:1
M05F MANU-SOL 16 ACT,M25F MANU-SOL 32,M,05F,095,MANU-SOL 16 ACT,ACT,,M,25F,415,MANU-SOL 32,NON_SELECT:0/SELECT:1
M060 MANU-SOL 17 HOME,M260 MANU-SOL 33,M,060,096,MANU-SOL 17 HOME,HOME,,M,260,416,MANU-SOL 33,NON_SELECT:0/SELECT:1
M061 MANU-SOL 17 ACT,M261 MANU-SOL 34,M,061,097,MANU-SOL 17 ACT,ACT,,M,261,417,MANU-SOL 34,NON_SELECT:0/SELECT:1
M062 MANU-SOL 18 HOME,M262 MANU-SOL 35,M,062,098,MANU-SOL 18 HOME,HOME,,M,262,418,MANU-SOL 35,NON_SELECT:0/SELECT:1
M063 MANU-SOL 18 ACT,M263 MANU-SOL 36,M,063,099,MANU-SOL 18 ACT,ACT,,M,263,419,MANU-SOL 36,NON_SELECT:0/SELECT:1
M064 MANU-SOL 19 HOME,M264 MANU-SOL 37,M,064,100,MANU-SOL 19 HOME,HOME,,M,264,420,MANU-SOL 37,NON_SELECT:0/SELECT:1
M065 MANU-SOL 19 ACT,M265 MANU-SOL 38,M,065,101,MANU-SOL 19 ACT,ACT,,M,265,421,MANU-SOL 38,NON_SELECT:0/SELECT:1
M066 MANU-SOL 20 HOME,M266 MANU-SOL 39,M,066,102,MANU-SOL 20 HOME,HOME,,M,266,422,MANU-SOL 39,NON_SELECT:0/SELECT:1
M067 MANU-SOL 20 ACT,M267 MANU-SOL 40,M,067,103,MANU-SOL 20 ACT,ACT,,M,267,423,MANU-SOL 40,NON_SELECT:0/SELECT:1
M068 MANU-SOL 21 HOME,M268 ,M,068,104,MANU-SOL 21 HOME,HOME,,M,268,424,,
M069 MANU-SOL 21 ACT,M269 ,M,069,105,MANU-SOL 21 ACT,ACT,,M,269,425,,
M06A MANU-SOL 22 HOME,M26A ,M,06A,106,MANU-SOL 22 HOME,HOME,,M,26A,426,,
M06B MANU-SOL 22 ACT,M26B ,M,06B,107,MANU-SOL 22 ACT,ACT,,M,26B,427,,
M06C MANU-SOL 23 HOME,M26C ,M,06C,108,MANU-SOL 23 HOME,HOME,,M,26C,428,,
M06D MANU-SOL 23 ACT,M26D ,M,06D,109,MANU-SOL 23 ACT,ACT,,M,26D,429,,
M06E MANU-SOL 24 HOME,M26E ,M,06E,110,MANU-SOL 24 HOME,HOME,,M,26E,430,,
M06F MANU-SOL 24 ACT,M26F ,M,06F,111,MANU-SOL 24 ACT,ACT,,M,26F,431,,
M070 MANU-SOL 25 HOME,M270 ,M,070,112,MANU-SOL 25 HOME,HOME,,M,270,432,,
M071 MANU-SOL 25 ACT,M271 ,M,071,113,MANU-SOL 25 ACT,ACT,,M,271,433,,
M072 MANU-SOL 26 HOME,M272 ,M,072,114,MANU-SOL 26 HOME,HOME,,M,272,434,,
M073 MANU-SOL 26 ACT,M273 ,M,073,115,MANU-SOL 26 ACT,ACT,,M,273,435,,
M074 MANU-SOL 27 HOME,M274 ,M,074,116,MANU-SOL 27 HOME,HOME,,M,274,436,,
M075 MANU-SOL 27 ACT,M275 ,M,075,117,MANU-SOL 27 ACT,ACT,,M,275,437,,
M076 MANU-SOL 28 HOME,M276 ,M,076,118,MANU-SOL 28 HOME,HOME,,M,276,438,,
M077 MANU-SOL 28 ACT,M277 ,M,077,119,MANU-SOL 28 ACT,ACT,,M,277,439,,
M078 MANU-SOL 29 HOME,M278 ,M,078,120,MANU-SOL 29 HOME,HOME,,M,278,440,,
M079 MANU-SOL 29 ACT,M279 ,M,079,121,MANU-SOL 29 ACT,ACT,,M,279,441,,
M07A MANU-SOL 30 HOME,M27A ,M,07A,122,MANU-SOL 30 HOME,HOME,,M,27A,442,,
M07B MANU-SOL 30 ACT,M27B ,M,07B,123,MANU-SOL 30 ACT,ACT,,M,27B,443,,
M07C MANU-SOL 31 HOME,M27C ,M,07C,124,MANU-SOL 31 HOME,HOME,,M,27C,444,,
M07D MANU-SOL 31 ACT,M27D ,M,07D,125,MANU-SOL 31 ACT,ACT,,M,27D,445,,
M07E MANU-SOL 32 HOME,M27E ,M,07E,126,MANU-SOL 32 HOME,HOME,,M,27E,446,,
M07F MANU-SOL 32 ACT,M27F ,M,07F,127,MANU-SOL 32 ACT,ACT,,M,27F,447,,
M080 MANU-SOL 33 HOME,M280 ,M,080,128,MANU-SOL 33 HOME,HOME,,M,280,448,,
M081 MANU-SOL 33 ACT,M281 ,M,081,129,MANU-SOL 33 ACT,ACT,,M,281,449,,
M082 MANU-SOL 34 HOME,M282 ,M,082,130,MANU-SOL 34 HOME,HOME,,M,282,450,,
M083 MANU-SOL 34 ACT,M283 ,M,083,131,MANU-SOL 34 ACT,ACT,,M,283,451,,
M084 MANU-SOL 35 HOME,M284 ,M,084,132,MANU-SOL 35 HOME,HOME,,M,284,452,,
M085 MANU-SOL 35 ACT,M285 ,M,085,133,MANU-SOL 35 ACT,ACT,,M,285,453,,
M086 MANU-SOL 36 HOME,M286 ,M,086,134,MANU-SOL 36 HOME,HOME,,M,286,454,,
M087 MANU-SOL 36 ACT,M287 ,M,087,135,MANU-SOL 36 ACT,ACT,,M,287,455,,
M088 MANU-SOL 37 HOME,M288 ,M,088,136,MANU-SOL 37 HOME,HOME,,M,288,456,,
M089 MANU-SOL 37 ACT,M289 ,M,089,137,MANU-SOL 37 ACT,ACT,,M,289,457,,
M08A MANU-SOL 38 HOME,M28A ,M,08A,138,MANU-SOL 38 HOME,HOME,,M,28A,458,,
M08B MANU-SOL 38 ACT,M28B ,M,08B,139,MANU-SOL 38 ACT,ACT,,M,28B,459,,
M08C MANU-SOL 39 HOME,M28C ,M,08C,140,MANU-SOL 39 HOME,HOME,,M,28C,460,,
M08D MANU-SOL 39 ACT,M28D ,M,08D,141,MANU-SOL 39 ACT,ACT,,M,28D,461,,
M08E MANU-SOL 40 HOME,M28E ,M,08E,142,MANU-SOL 40 HOME,HOME,,M,28E,462,,
M08F MANU-SOL 40 ACT,M28F ,M,08F,143,MANU-SOL 40 ACT,ACT,,M,28F,463,,
M090 ,M290 ,M,090,144,,,,M,290,464,,
M091 ,M291 ,M,091,145,,,,M,291,465,,
M092 ,M292 ,M,092,146,,,,M,292,466,,
M093 ,M293 ,M,093,147,,,,M,293,467,,
M094 ,M294 ,M,094,148,,,,M,294,468,,
M095 ,M295 ,M,095,149,,,,M,295,469,,
M096 ,M296 ,M,096,150,,,,M,296,470,,
M097 ,M297 ,M,097,151,,,,M,297,471,,
M098 ,M298 ,M,098,152,,,,M,298,472,,
M099 ,M299 ,M,099,153,,,,M,299,473,,
M09A ,M29A ,M,09A,154,,,,M,29A,474,,
M09B ,M29B ,M,09B,155,,,,M,29B,475,,
M09C ,M29C ,M,09C,156,,,,M,29C,476,,
M09D ,M29D ,M,09D,157,,,,M,29D,477,,
M09E ,M29E ,M,09E,158,,,,M,29E,478,,
M09F ,M29F ,M,09F,159,,,,M,29F,479,,
M100 ,M300 ,M,100,160,,,,M,300,480,,
M101 ,M301 ,M,101,161,,,,M,301,481,,
M102 ,M302 ,M,102,162,,,,M,302,482,,
M103 ,M303 ,M,103,163,,,,M,303,483,,
M104 ,M304 ,M,104,164,,,,M,304,484,,
M105 ,M305 ,M,105,165,,,,M,305,485,,
M106 ,M306 ,M,106,166,,,,M,306,486,,
M107 ,M307 ,M,107,167,,,,M,307,487,,
M108 ,M308 ,M,108,168,,,,M,308,488,,
M109 ,M309 ,M,109,169,,,,M,309,489,,
M10A ,M30A ,M,10A,170,,,,M,30A,490,,
M10B ,M30B ,M,10B,171,,,,M,30B,491,,
M10C ,M30C ,M,10C,172,,,,M,30C,492,,
M10D ,M30D ,M,10D,173,,,,M,30D,493,,
M10E ,M30E ,M,10E,174,,,,M,30E,494,,
M10F ,M30F ,M,10F,175,,,,M,30F,495,,
M110 ,M310 ,M,110,176,,,,M,310,496,,
M111 ,M311 ,M,111,177,,,,M,311,497,,
M112 ,M312 ,M,112,178,,,,M,312,498,,
M113 ,M313 ,M,113,179,,,,M,313,499,,
M114 ,M314 ,M,114,180,,,,M,314,500,,
M115 ,M315 ,M,115,181,,,,M,315,501,,
M116 ,M316 ,M,116,182,,,,M,316,502,,
M117 ,M317 ,M,117,183,,,,M,317,503,,
M118 ,M318 ,M,118,184,,,,M,318,504,,
M119 ,M319 ,M,119,185,,,,M,319,505,,
M11A ,M31A ,M,11A,186,,,,M,31A,506,,
M11B ,M31B ,M,11B,187,,,,M,31B,507,,
M11C ,M31C ,M,11C,188,,,,M,31C,508,,
M11D ,M31D ,M,11D,189,,,,M,31D,509,,
M11E ,M31E ,M,11E,190,,,,M,31E,510,,
M11F ,M31F ,M,11F,191,,,,M,31F,511,,
M120 ,M320 ,M,120,192,,,,M,320,512,,
M121 ,M321 ,M,121,193,,,,M,321,513,,
M122 ,M322 ,M,122,194,,,,M,322,514,,
M123 ,M323 ,M,123,195,,,,M,323,515,,
M124 ,M324 ,M,124,196,,,,M,324,516,,
M125 ,M325 ,M,125,197,,,,M,325,517,,
M126 ,M326 ,M,126,198,,,,M,326,518,,
M127 ,M327 ,M,127,199,,,,M,327,519,,
M128 ,M328 ,M,128,200,,,,M,328,520,,
M129 ,M329 ,M,129,201,,,,M,329,521,,
M12A ,M32A ,M,12A,202,,,,M,32A,522,,
M12B ,M32B ,M,12B,203,,,,M,32B,523,,
M12C ,M32C ,M,12C,204,,,,M,32C,524,,
M12D ,M32D ,M,12D,205,,,,M,32D,525,,
M12E ,M32E ,M,12E,206,,,,M,32E,526,,
M12F ,M32F ,M,12F,207,,,,M,32F,527,,
M130 I/F LAMP 1,M330 ,M,130,208,I/F LAMP 1,FOR LOG,,M,330,528,,
M131 I/F LAMP 2,M331 ,M,131,209,I/F LAMP 2,FOR LOG,,M,331,529,,
M132 I/F LAMP 3,M332 ,M,132,210,I/F LAMP 3,FOR LOG,,M,332,530,,
M133 I/F LAMP 4,M333 ,M,133,211,I/F LAMP 4,FOR LOG,,M,333,531,,
M134 I/F LAMP 5,M334 ,M,134,212,I/F LAMP 5,FOR LOG,,M,334,532,,
M135 I/F LAMP 6,M335 ,M,135,213,I/F LAMP 6,FOR LOG,,M,335,533,,
M136 I/F LAMP 7,M336 ,M,136,214,I/F LAMP 7,FOR LOG,,M,336,534,,
M137 I/F LAMP 8,M337 ,M,137,215,I/F LAMP 8,FOR LOG,,M,337,535,,
M138 WORK DETECT LAMP 1,M338 ,M,138,216,WORK DETECT LAMP 1,FOR LOG,,M,338,536,,
M139 WORK DETECT LAMP 2,M339 ,M,139,217,WORK DETECT LAMP 2,FOR LOG,,M,339,537,,
M13A WORK DETECT LAMP 3,M33A ,M,13A,218,WORK DETECT LAMP 3,FOR LOG,,M,33A,538,,
M13B WORK DETECT LAMP 4,M33B ,M,13B,219,WORK DETECT LAMP 4,FOR LOG,,M,33B,539,,
M13C WORK DETECT LAMP 5,M33C ,M,13C,220,WORK DETECT LAMP 5,FOR LOG,,M,33C,540,,
M13D WORK DETECT LAMP 6,M33D ,M,13D,221,WORK DETECT LAMP 6,FOR LOG,,M,33D,541,,
M13E WORK DETECT LAMP 7,M33E ,M,13E,222,WORK DETECT LAMP 7,FOR LOG,,M,33E,542,,
M13F WORK DETECT LAMP 8,M33F ,M,13F,223,WORK DETECT LAMP 8,FOR LOG,,M,33F,543,,
M140 CYCLE TIME 2^0,M340 ,M,140,224,CYCLE TIME 2^0,,,M,340,544,,
M141 CYCLE TIME 2^1,M341 ,M,141,225,CYCLE TIME 2^1,,,M,341,545,,
M142 CYCLE TIME 2^2,M342 ,M,142,226,CYCLE TIME 2^2,,,M,342,546,,
M143 CYCLE TIME 2^3,M343 ,M,143,227,CYCLE TIME 2^3,,,M,343,547,,
M144 CYCLE TIME 2^4,M344 ,M,144,228,CYCLE TIME 2^4,,,M,344,548,,
M145 CYCLE TIME 2^5,M345 ,M,145,229,CYCLE TIME 2^5,,,M,345,549,,
M146 CYCLE TIME 2^6,M346 ,M,146,230,CYCLE TIME 2^6,,,M,346,550,,
M147 CYCLE TIME 2^7,M347 ,M,147,231,CYCLE TIME 2^7,,,M,347,551,,
M148 CYCLE TIME 2^8,M348 ,M,148,232,CYCLE TIME 2^8,,,M,348,552,,
M149 CYCLE TIME 2^9,M349 ,M,149,233,CYCLE TIME 2^9,,,M,349,553,,
M14A CYCLE TIME 2^10,M34A ,M,14A,234,CYCLE TIME 2^10,,,M,34A,554,,
M14B CYCLE TIME 2^11,M34B ,M,14B,235,CYCLE TIME 2^11,,,M,34B,555,,
M14C CYCLE TIME 2^12,M34C ,M,14C,236,CYCLE TIME 2^12,,,M,34C,556,,
M14D CYCLE TIME 2^13,M34D ,M,14D,237,CYCLE TIME 2^13,,,M,34D,557,,
M14E CYCLE TIME 2^14,M34E ,M,14E,238,CYCLE TIME 2^14,,,M,34E,558,,
M14F CYCLE TIME 2^15,M34F ,M,14F,239,CYCLE TIME 2^15,,,M,34F,559,,
M150 ERROR1,M350 ITEM 1 -NG,M,150,240,ERROR1,,,M,350,560,ITEM 1 -NG,-NG
M151 ERROR2,M351 ITEM 1 -OK,M,151,241,ERROR2,,,M,351,561,ITEM 1 -OK,-OK
M152 ERROR3,M352 ITEM 1 OK,M,152,242,ERROR3,,,M,352,562,ITEM 1 OK,OK
M153 ERROR4,M353 ITEM 1 +OK,M,153,243,ERROR4,,,M,353,563,ITEM 1 +OK,+OK
M154 ERROR5,M354 ITEM 1 +NG,M,154,244,ERROR5,,,M,354,564,ITEM 1 +NG,+NG
M155 ERROR6,M355 ITEM 2 -NG,M,155,245,ERROR6,,,M,355,565,ITEM 2 -NG,-NG
M156 ERROR7,M356 ITEM 2 -OK,M,156,246,ERROR7,,,M,356,566,ITEM 2 -OK,-OK
M157 ERROR8,M357 ITEM 2 OK,M,157,247,ERROR8,,,M,357,567,ITEM 2 OK,OK
M158 ERROR9,M358 ITEM 2 +OK,M,158,248,ERROR9,,,M,358,568,ITEM 2 +OK,+OK
M159 ERROR10,M359 ITEM 2 +NG,M,159,249,ERROR10,,,M,359,569,ITEM 2 +NG,+NG
M15A ERROR11,M35A ITEM 3 -NG,M,15A,250,ERROR11,,,M,35A,570,ITEM 3 -NG,-NG
M15B ERROR12,M35B ITEM 3 -OK,M,15B,251,ERROR12,,,M,35B,571,ITEM 3 -OK,-OK
M15C ERROR13,M35C ITEM 3 OK,M,15C,252,ERROR13,,,M,35C,572,ITEM 3 OK,OK
M15D ERROR14,M35D ITEM 3 +OK,M,15D,253,ERROR14,,,M,35D,573,ITEM 3 +OK,+OK
M15E ERROR15,M35E ITEM 3 +NG,M,15E,254,ERROR15,,,M,35E,574,ITEM 3 +NG,+NG
M15F ERROR16,M35F ITEM 4 -NG,M,15F,255,ERROR16,,,M,35F,575,ITEM 4 -NG,-NG
M160 ERROR17,M360 ITEM 4 -OK,M,160,256,ERROR17,,,M,360,576,ITEM 4 -OK,-OK
M161 ERROR18,M361 ITEM 4 OK,M,161,257,ERROR18,,,M,361,577,ITEM 4 OK,OK
M162 ERROR19,M362 ITEM 4 +OK,M,162,258,ERROR19,,,M,362,578,ITEM 4 +OK,+OK
M163 ERROR20,M363 ITEM 4 +NG,M,163,259,ERROR20,,,M,363,579,ITEM 4 +NG,+NG
M164 ERROR21,M364 ITEM 5 -NG,M,164,260,ERROR21,,,M,364,580,ITEM 5 -NG,-NG
M165 ERROR22,M365 ITEM 5 -OK,M,165,261,ERROR22,,,M,365,581,ITEM 5 -OK,-OK
M166 ERROR23,M366 ITEM 5 OK,M,166,262,ERROR23,,,M,366,582,ITEM 5 OK,OK
M167 ERROR24,M367 ITEM 5 +OK,M,167,263,ERROR24,,,M,367,583,ITEM 5 +OK,+OK
M168 ERROR25,M368 ITEM 5 +NG,M,168,264,ERROR25,,,M,368,584,ITEM 5 +NG,+NG
M169 ERROR26,M369 ITEM 6 -NG,M,169,265,ERROR26,,,M,369,585,ITEM 6 -NG,-NG
M16A ERROR27,M36A ITEM 6 -OK,M,16A,266,ERROR27,,,M,36A,586,ITEM 6 -OK,-OK
M16B ERROR28,M36B ITEM 6 OK,M,16B,267,ERROR28,,,M,36B,587,ITEM 6 OK,OK
M16C ERROR29,M36C ITEM 6 +OK,M,16C,268,ERROR29,,,M,36C,588,ITEM 6 +OK,+OK
M16D ERROR30,M36D ITEM 6 +NG,M,16D,269,ERROR30,,,M,36D,589,ITEM 6 +NG,+NG
M16E ERROR31,M36E ITEM 7 -NG,M,16E,270,ERROR31,,,M,36E,590,ITEM 7 -NG,-NG
M16F ERROR32,M36F ITEM 7 -OK,M,16F,271,ERROR32,,,M,36F,591,ITEM 7 -OK,-OK
M170 ERROR33,M370 ITEM 7 OK,M,170,272,ERROR33,,,M,370,592,ITEM 7 OK,OK
M171 ERROR34,M371 ITEM 7 +OK,M,171,273,ERROR34,,,M,371,593,ITEM 7 +OK,+OK
M172 ERROR35,M372 ITEM 7 +NG,M,172,274,ERROR35,,,M,372,594,ITEM 7 +NG,+NG
M173 ERROR36,M373 ITEM 8 -NG,M,173,275,ERROR36,,,M,373,595,ITEM 8 -NG,-NG
M174 ERROR37,M374 ITEM 8 -OK,M,174,276,ERROR37,,,M,374,596,ITEM 8 -OK,-OK
M175 ERROR38,M375 ITEM 8 OK,M,175,277,ERROR38,,,M,375,597,ITEM 8 OK,OK
M176 ERROR39,M376 ITEM 8 +OK,M,176,278,ERROR39,,,M,376,598,ITEM 8 +OK,+OK
M177 ERROR40,M377 ITEM 8 +NG,M,177,279,ERROR40,,,M,377,599,ITEM 8 +NG,+NG
M178 ERROR41,M378 ITEM 9 -NG,M,178,280,ERROR41,,,M,378,600,ITEM 9 -NG,-NG
M179 ERROR42,M379 ITEM 9 -OK,M,179,281,ERROR42,,,M,379,601,ITEM 9 -OK,-OK
M17A ERROR43,M37A ITEM 9 OK,M,17A,282,ERROR43,,,M,37A,602,ITEM 9 OK,OK
M17B ERROR44,M37B ITEM 9 +OK,M,17B,283,ERROR44,,,M,37B,603,ITEM 9 +OK,+OK
M17C ERROR45,M37C ITEM 9 +NG,M,17C,284,ERROR45,,,M,37C,604,ITEM 9 +NG,+NG
M17D ERROR46,M37D ITEM 10 -NG,M,17D,285,ERROR46,,,M,37D,605,ITEM 10 -NG,-NG
M17E ERROR47,M37E ITEM 10 -OK,M,17E,286,ERROR47,,,M,37E,606,ITEM 10 -OK,-OK
M17F ERROR48,M37F ITEM 10 OK,M,17F,287,ERROR48,,,M,37F,607,ITEM 10 OK,OK
M180 ERROR49,M380 ITEM 10 +OK,M,180,288,ERROR49,,,M,380,608,ITEM 10 +OK,+OK
M181 ERROR50,M381 ITEM 10 +NG,M,181,289,ERROR50,,,M,381,609,ITEM 10 +NG,+NG
M182 ERROR51,M382 ITEM 11 -NG,M,182,290,ERROR51,,,M,382,610,ITEM 11 -NG,-NG
M183 ERROR52,M383 ITEM 11 -OK,M,183,291,ERROR52,,,M,383,611,ITEM 11 -OK,-OK
M184 ERROR53,M384 ITEM 11 OK,M,184,292,ERROR53,,,M,384,612,ITEM 11 OK,OK
M185 ERROR54,M385 ITEM 11 +OK,M,185,293,ERROR54,,,M,385,613,ITEM 11 +OK,+OK
M186 ERROR55,M386 ITEM 11 +NG,M,186,294,ERROR55,,,M,386,614,ITEM 11 +NG,+NG
M187 ERROR56,M387 ITEM 12 -NG,M,187,295,ERROR56,,,M,387,615,ITEM 12 -NG,-NG
M188 ERROR57,M388 ITEM 12 -OK,M,188,296,ERROR57,,,M,388,616,ITEM 12 -OK,-OK
M189 ERROR58,M389 ITEM 12 OK,M,189,297,ERROR58,,,M,389,617,ITEM 12 OK,OK
M18A ERROR59,M38A ITEM 12 +OK,M,18A,298,ERROR59,,,M,38A,618,ITEM 12 +OK,+OK
M18B ERROR60,M38B ITEM 12 +NG,M,18B,299,ERROR60,,,M,38B,619,ITEM 12 +NG,+NG
M18C ERROR61,M38C ITEM 13 -NG,M,18C,300,ERROR61,,,M,38C,620,ITEM 13 -NG,-NG
M18D ERROR62,M38D ITEM 13 -OK,M,18D,301,ERROR62,,,M,38D,621,ITEM 13 -OK,-OK
M18E ERROR63,M38E ITEM 13 OK,M,18E,302,ERROR63,,,M,38E,622,ITEM 13 OK,OK
M18F ERROR64,M38F ITEM 13 +OK,M,18F,303,ERROR64,,,M,38F,623,ITEM 13 +OK,+OK
M190 ERROR65,M390 ITEM 13 +NG,M,190,304,ERROR65,,,M,390,624,ITEM 13 +NG,+NG
M191 ERROR66,M391 ITEM 14 -NG,M,191,305,ERROR66,,,M,391,625,ITEM 14 -NG,-NG
M192 ERROR67,M392 ITEM 14 -OK,M,192,306,ERROR67,,,M,392,626,ITEM 14 -OK,-OK
M193 ERROR68,M393 ITEM 14 OK,M,193,307,ERROR68,,,M,393,627,ITEM 14 OK,OK
M194 ERROR69,M394 ITEM 14 +OK,M,194,308,ERROR69,,,M,394,628,ITEM 14 +OK,+OK
M195 ERROR70,M395 ITEM 14 +NG,M,195,309,ERROR70,,,M,395,629,ITEM 14 +NG,+NG
M196 ERROR71,M396 ITEM 15 -NG,M,196,310,ERROR71,,,M,396,630,ITEM 15 -NG,-NG
M197 ERROR72,M397 ITEM 15 -OK,M,197,311,ERROR72,,,M,397,631,ITEM 15 -OK,-OK
M198 ERROR73,M398 ITEM 15 OK,M,198,312,ERROR73,,,M,398,632,ITEM 15 OK,OK
M199 ERROR74,M399 ITEM 15 +OK,M,199,313,ERROR74,,,M,399,633,ITEM 15 +OK,+OK
M19A ERROR75,M39A ITEM 15 +NG,M,19A,314,ERROR75,,,M,39A,634,ITEM 15 +NG,+NG
M19B ERROR76,M39B ITEM 16 -NG,M,19B,315,ERROR76,,,M,39B,635,ITEM 16 -NG,-NG
M19C ERROR77,M39C ITEM 16 -OK,M,19C,316,ERROR77,,,M,39C,636,ITEM 16 -OK,-OK
M19D ERROR78,M39D ITEM 16 OK,M,19D,317,ERROR78,,,M,39D,637,ITEM 16 OK,OK
M19E ERROR79,M39E ITEM 16 +OK,M,19E,318,ERROR79,,,M,39E,638,ITEM 16 +OK,+OK
M19F ERROR80,M39F ITEM 16 +NG,M,19F,319,ERROR80,,,M,39F,639,ITEM 16 +NG,+NG
