,,PLC -> PC,,,,,,PLC <- PC,,,,,
,,,LS,MEL,COMMENT,,,,LS,MEL,COMMENT,,
M000 PLC통신상태전송,M200 PLC통신상태전송,M,000,000,PLC통신상태전송,1SEC ON/OFF,0,M,200,320,PLC통신상태전송,PLC통신상태,
M001 자동화면전환요구전송,M201 자동화면신호,M,001,001,자동화면전환요구전송,SCREEN CHANGE,1,M,201,321,자동화면신호,자동화면신호,
M002 수동화면전환요구전송,M202 수동화면신호,M,002,002,수동화면전환요구전송,SCREEN CHANGE,2,M,202,322,수동화면신호,수동화면신호,
M003 영점화면전환요구전송,M203 영점화면신호,M,003,003,영점화면전환요구전송,SCREEN CHANGE,3,M,203,323,영점화면신호,영점화면신호,
M004 ,M204 ,M,004,004,,,4,M,204,324,,,
M005 자동운전상태,M205 OP SELECT AUTO,M,005,005,자동운전상태,OFF:0/ON:1,5,M,205,325,OP SELECT AUTO,자동운전신호,
M006 수동운전상태,M206 OP SELECT MANU,M,006,006,수동운전상태,OFF:0/ON:1,6,M,206,326,OP SELECT MANU,수동운전신호,
M007 원위치운전상태,M207 OP BUTTON ORIGIN,M,007,007,원위치운전상태,OFF:0/ON:1,7,M,207,327,OP BUTTON ORIGIN,원위치신호,
M008 부저정지상태,M208 OP BUTTON BUZZER-STOP,M,008,008,부저정지상태,OFF:0/ON:1,8,M,208,328,OP BUTTON BUZZER-STOP,부저정지신호,
M009 이상리셋상태,M209 OP BUTTON RESET,M,009,009,이상리셋상태,OFF:0/ON:1,9,M,209,329,OP BUTTON RESET,이상리셋신호,
M00A 비상정지상태,M20A OP BUTTON E-STOP,M,00A,010,비상정지상태,OFF:0/ON:1,10,M,20A,330,OP BUTTON E-STOP,비상정지신호,
M00B 배출운전상태,M20B OP BUTTON WORK-OUT,M,00B,011,배출운전상태,OFF:0/ON:1,11,M,20B,331,OP BUTTON WORK-OUT,배출운전신호,
M00C ,M20C AMP COMM ERR,M,00C,012,,,12,M,20C,332,AMP COMM ERR,측정 AMP통신에러,
M00D ,M20D MARK COMM ERR,M,00D,013,,,13,M,20D,333,MARK COMM ERR,마킹 CONTROLLER통신에러,
M00E ,M20E ,M,00E,014,,,14,M,20E,334,,,
M00F 장비등상태,M20F ,M,00F,015,장비등상태,,15,M,20F,335,,장비등신호,
M010 측정 요구 신호 1,M210 측정사이클 요구 신호1,M,010,016,측정 요구 신호 1,,16,M,210,336,측정사이클 요구 신호1,,
M011 ,M211 ,M,011,017,,,17,M,211,337,,,
M012 ,M212 ,M,012,018,,,18,M,212,338,,,
M013 ,M213 ,M,013,019,,,19,M,213,339,,,
M014 영점 요구 신호 1,M214 재측정 요구 신호 1,M,014,020,영점 요구 신호 1,,20,M,214,340,재측정 요구 신호 1,,
M015 ,M215 ,M,015,021,,,21,M,215,341,,,
M016 ,M216 ,M,016,022,,,22,M,216,342,,,
M017 ,M217 ,M,017,023,,,23,M,217,343,,,
M018 측정 초기화 신호 1,M218 SIG 1 JUDGMENT ,M,018,024,측정 초기화 신호 1,,24,M,218,344,SIG 1 JUDGMENT ,측정 판정 OK,
M019 ,M219 SIG 1 JUDGMENT ,M,019,025,,,25,M,219,345,SIG 1 JUDGMENT ,측정 판정 NG,
M01A ,M21A ,M,01A,026,,,26,M,21A,346,,,
M01B ,M21B ,M,01B,027,,,27,M,21B,347,,,
M01C ,M21C ,M,01C,028,,,28,M,21C,348,,,
M01D ,M21D ,M,01D,029,,,29,M,21D,349,,,
M01E MODEL변경요구신호,M21E ,M,01E,030,MODEL변경요구신호,,30,M,21E,350,,,
M01F ,M21F ,M,01F,031,,,31,M,21F,351,,,
M020 ,M220 SIG 1 FINISH,M,020,032,,,32,M,220,352,SIG 1 FINISH,측정/영점완료신호,
M021 ,M221 ,M,021,033,,,33,M,221,353,,,
M022 ,M222 ,M,022,034,,,34,M,222,354,,,
M023 ,M223 ,M,023,035,,,35,M,223,355,,,
M024 DATA SHIFT,M224 DATA SHIFT FB,M,024,036,DATA SHIFT,,36,M,224,356,DATA SHIFT FB,미사용,
M025 마킹 시작요구신호,M225 TEXT REQUEST FOR MARKING FB,M,025,037,마킹 시작요구신호,마킹 시작,37,M,225,357,TEXT REQUEST FOR MARKING FB,마킹 완료신호,
M026 측정 1CYCLE진행중,M226 AUTO MASTERING,M,026,038,측정 1CYCLE진행중,"측정,영점반자동",38,M,226,358,AUTO MASTERING,자동 마스터링신호,
M027 마킹 1CYCLE진행중,M227 CONTINUOUS NG,M,027,039,마킹 1CYCLE진행중,마킹반자동,39,M,227,359,CONTINUOUS NG,측정 연속NG신호,
M028 #10 MC 1,M228 BYPASS 1,M,028,040,#10 MC 1,,40,M,228,360,BYPASS 1,미사용,
M029 #10 MC 2,M229 BYPASS 2,M,029,041,#10 MC 2,,41,M,229,361,BYPASS 2,측정 바이패스,
M02A #10 MC 3,M22A BYPASS 3,M,02A,042,#10 MC 3,,42,M,22A,362,BYPASS 3,마킹 바이패스,
M02B #10 MC 4,M22B BYPASS 4,M,02B,043,#10 MC 4,,43,M,22B,363,BYPASS 4,,
M02C #20 MC 1,M22C BYPASS 5,M,02C,044,#20 MC 1,,44,M,22C,364,BYPASS 5,,
M02D #20 MC 2,M22D BYPASS 6,M,02D,045,#20 MC 2,,45,M,22D,365,BYPASS 6,,
M02E #20 MC 3,M22E BYPASS 7,M,02E,046,#20 MC 3,,46,M,22E,366,BYPASS 7,,
M02F #20 MC 4,M22F BYPASS 8,M,02F,047,#20 MC 4,,47,M,22F,367,BYPASS 8,,
M030 MODEL BIT 2^0,M230 MODEL BIT 2^0,M,030,048,MODEL BIT 2^0,모델정보리턴,48,M,230,368,MODEL BIT 2^0,MODEL BIT 2^0,
M031 MODEL BIT 2^1,M231 MODEL BIT 2^1,M,031,049,MODEL BIT 2^1,,49,M,231,369,MODEL BIT 2^1,MODEL BIT 2^1,
M032 MODEL BIT 2^2,M232 MODEL BIT 2^2,M,032,050,MODEL BIT 2^2,,50,M,232,370,MODEL BIT 2^2,MODEL BIT 2^2,
M033 MODEL BIT 2^3,M233 MODEL BIT 2^3,M,033,051,MODEL BIT 2^3,,51,M,233,371,MODEL BIT 2^3,MODEL BIT 2^3,
M034 MODEL BIT 2^4,M234 MODEL BIT 2^4,M,034,052,MODEL BIT 2^4,,52,M,234,372,MODEL BIT 2^4,MODEL BIT 2^4,
M035 MODEL BIT 2^5,M235 MODEL BIT 2^5,M,035,053,MODEL BIT 2^5,,53,M,235,373,MODEL BIT 2^5,MODEL BIT 2^5,
M036 MODEL BIT 2^6,M236 MODEL BIT 2^6,M,036,054,MODEL BIT 2^6,,54,M,236,374,MODEL BIT 2^6,MODEL BIT 2^6,
M037 MODEL BIT 2^7,M237 MODEL BIT 2^7,M,037,055,MODEL BIT 2^7,,55,M,237,375,MODEL BIT 2^7,MODEL BIT 2^7,
M038 ,M238 MARKING CYCLE,M,038,056,,,56,M,238,376,MARKING CYCLE,마킹 반자동1CYCLE신호,
M039 ,M239 ,M,039,057,,,57,M,239,377,,,
M03A ,M23A ,M,03A,058,,,58,M,23A,378,,,
M03B ,M23B ,M,03B,059,,,59,M,23B,379,,,
M03C ,M23C ,M,03C,060,,,60,M,23C,380,,,
M03D ,M23D ,M,03D,061,,,61,M,23D,381,,,
M03E ,M23E ,M,03E,062,,,62,M,23E,382,,,
M03F ,M23F ,M,03F,063,,,63,M,23F,383,,,
M040 측정리프트_상승/하강,M240 측정리프트_상승/하강,M,040,064,MANU-SOL 1,측정리프트_상승/하강,64,M,240,384,MANU-SOL 1,측정리프트_상승/하강,
M041 측정부_후진/전진,M241 측정부_후진/전진,M,041,065,MANU-SOL 2,측정부_후진/전진,65,M,241,385,MANU-SOL 2,측정부_후진/전진,
M042 측정상하_상승/하강,M242 측정상하_상승/하강,M,042,066,MANU-SOL 3,측정상하_상승/하강,66,M,242,386,MANU-SOL 3,측정상하_상승/하강,
M043 PROBE #1 초기/동작,M243 PROBE 내경 초기/동작,M,043,067,MANU-SOL 4,PROBE #1 초기/동작,67,M,243,387,MANU-SOL 4,PROBE 내경 초기/동작,
M044 AIR BLOW #1 초기/동작,M244 PROBE 외경 초기/동작,M,044,068,MANU-SOL 5,AIR BLOW #1 초기/동작,68,M,244,388,MANU-SOL 5,PROBE 외경 초기/동작,
M045 ,M245 AIR BLOW  초기/동작,M,045,069,MANU-SOL 6,,69,M,245,389,MANU-SOL 6,AIR BLOW  초기/동작,
M046 ,M246 NON_SELECT:0/SELECT:1,M,046,070,MANU-SOL 7,,70,M,246,390,MANU-SOL 7,NON_SELECT:0/SELECT:1,
M047 ,M247 NON_SELECT:0/SELECT:1,M,047,071,MANU-SOL 8,,71,M,247,391,MANU-SOL 8,NON_SELECT:0/SELECT:1,
M048 ,M248 NON_SELECT:0/SELECT:1,M,048,072,MANU-SOL 9,,72,M,248,392,MANU-SOL 9,NON_SELECT:0/SELECT:1,
M049 ,M249 NON_SELECT:0/SELECT:1,M,049,073,MANU-SOL 10,,73,M,249,393,MANU-SOL 10,NON_SELECT:0/SELECT:1,
M04A ,M24A NON_SELECT:0/SELECT:1,M,04A,074,MANU-SOL 11,,74,M,24A,394,MANU-SOL 11,NON_SELECT:0/SELECT:1,
M04B ,M24B NON_SELECT:0/SELECT:1,M,04B,075,MANU-SOL 12,,75,M,24B,395,MANU-SOL 12,NON_SELECT:0/SELECT:1,
M04C ,M24C NON_SELECT:0/SELECT:1,M,04C,076,MANU-SOL 13,,76,M,24C,396,MANU-SOL 13,NON_SELECT:0/SELECT:1,
M04D ,M24D NON_SELECT:0/SELECT:1,M,04D,077,MANU-SOL 14,,77,M,24D,397,MANU-SOL 14,NON_SELECT:0/SELECT:1,
M04E ,M24E NON_SELECT:0/SELECT:1,M,04E,078,MANU-SOL 15,,78,M,24E,398,MANU-SOL 15,NON_SELECT:0/SELECT:1,
M04F ,M24F NON_SELECT:0/SELECT:1,M,04F,079,MANU-SOL 16,,79,M,24F,399,MANU-SOL 16,NON_SELECT:0/SELECT:1,
M050 ,M250 NON_SELECT:0/SELECT:1,M,050,080,MANU-SOL 17,,80,M,250,400,MANU-SOL 17,NON_SELECT:0/SELECT:1,
M051 ,M251 NON_SELECT:0/SELECT:1,M,051,081,MANU-SOL 18,,81,M,251,401,MANU-SOL 18,NON_SELECT:0/SELECT:1,
M052 ,M252 NON_SELECT:0/SELECT:1,M,052,082,MANU-SOL 19,,82,M,252,402,MANU-SOL 19,NON_SELECT:0/SELECT:1,
M053 ,M253 NON_SELECT:0/SELECT:1,M,053,083,MANU-SOL 20,,83,M,253,403,MANU-SOL 20,NON_SELECT:0/SELECT:1,
M054 ,M254 NON_SELECT:0/SELECT:1,M,054,084,MANU-SOL 21,,84,M,254,404,MANU-SOL 21,NON_SELECT:0/SELECT:1,
M055 ,M255 NON_SELECT:0/SELECT:1,M,055,085,MANU-SOL 22,,85,M,255,405,MANU-SOL 22,NON_SELECT:0/SELECT:1,
M056 ,M256 NON_SELECT:0/SELECT:1,M,056,086,MANU-SOL 23,,86,M,256,406,MANU-SOL 23,NON_SELECT:0/SELECT:1,
M057 ,M257 NON_SELECT:0/SELECT:1,M,057,087,MANU-SOL 24,,87,M,257,407,MANU-SOL 24,NON_SELECT:0/SELECT:1,
M058 ,M258 NON_SELECT:0/SELECT:1,M,058,088,MANU-SOL 25,,88,M,258,408,MANU-SOL 25,NON_SELECT:0/SELECT:1,
M059 ,M259 NON_SELECT:0/SELECT:1,M,059,089,MANU-SOL 26,,89,M,259,409,MANU-SOL 26,NON_SELECT:0/SELECT:1,
M05A ,M25A NON_SELECT:0/SELECT:1,M,05A,090,MANU-SOL 27,,90,M,25A,410,MANU-SOL 27,NON_SELECT:0/SELECT:1,
M05B ,M25B NON_SELECT:0/SELECT:1,M,05B,091,MANU-SOL 28,,91,M,25B,411,MANU-SOL 28,NON_SELECT:0/SELECT:1,
M05C ,M25C NON_SELECT:0/SELECT:1,M,05C,092,MANU-SOL 29,,92,M,25C,412,MANU-SOL 29,NON_SELECT:0/SELECT:1,
M05D ,M25D NON_SELECT:0/SELECT:1,M,05D,093,MANU-SOL 30,,93,M,25D,413,MANU-SOL 30,NON_SELECT:0/SELECT:1,
M05E ,M25E NON_SELECT:0/SELECT:1,M,05E,094,MANU-SOL 31,,94,M,25E,414,MANU-SOL 31,NON_SELECT:0/SELECT:1,
M05F ,M25F NON_SELECT:0/SELECT:1,M,05F,095,MANU-SOL 32,,95,M,25F,415,MANU-SOL 32,NON_SELECT:0/SELECT:1,
M060 ,M260 NON_SELECT:0/SELECT:1,M,060,096,MANU-SOL 33,,96,M,260,416,MANU-SOL 33,NON_SELECT:0/SELECT:1,
M061 ,M261 NON_SELECT:0/SELECT:1,M,061,097,MANU-SOL 34,,97,M,261,417,MANU-SOL 34,NON_SELECT:0/SELECT:1,
M062 ,M262 NON_SELECT:0/SELECT:1,M,062,098,MANU-SOL 35,,98,M,262,418,MANU-SOL 35,NON_SELECT:0/SELECT:1,
M063 ,M263 NON_SELECT:0/SELECT:1,M,063,099,MANU-SOL 36,,99,M,263,419,MANU-SOL 36,NON_SELECT:0/SELECT:1,
M064 ,M264 NON_SELECT:0/SELECT:1,M,064,100,MANU-SOL 37,,100,M,264,420,MANU-SOL 37,NON_SELECT:0/SELECT:1,
M065 ,M265 NON_SELECT:0/SELECT:1,M,065,101,MANU-SOL 38,,101,M,265,421,MANU-SOL 38,NON_SELECT:0/SELECT:1,
M066 ,M266 NON_SELECT:0/SELECT:1,M,066,102,MANU-SOL 39,,102,M,266,422,MANU-SOL 39,NON_SELECT:0/SELECT:1,
M067 ,M267 NON_SELECT:0/SELECT:1,M,067,103,MANU-SOL 40,,103,M,267,423,MANU-SOL 40,NON_SELECT:0/SELECT:1,
M068 ,M268 ,M,068,104,,,104,M,268,424,,,
M069 ,M269 ,M,069,105,,,105,M,269,425,,,
M06A ,M26A ,M,06A,106,,,106,M,26A,426,,,
M06B ,M26B ,M,06B,107,,,107,M,26B,427,,,
M06C ,M26C ,M,06C,108,,,108,M,26C,428,,,
M06D ,M26D ,M,06D,109,,,109,M,26D,429,,,
M06E ,M26E ,M,06E,110,,,110,M,26E,430,,,
M06F ,M26F ,M,06F,111,,,111,M,26F,431,,,
M070 ,M270 에어블로시간설정DATA2^0,M,070,112,,,112,M,270,432,,에어블로시간설정DATA2^0,
M071 ,M271 에어블로시간설정DATA2^1,M,071,113,,,113,M,271,433,,에어블로시간설정DATA2^1,
M072 ,M272 에어블로시간설정DATA2^2,M,072,114,,,114,M,272,434,,에어블로시간설정DATA2^2,
M073 ,M273 에어블로시간설정DATA2^3,M,073,115,,,115,M,273,435,,에어블로시간설정DATA2^3,
M074 ,M274 에어블로시간설정DATA2^4,M,074,116,,,116,M,274,436,,에어블로시간설정DATA2^4,
M075 ,M275 에어블로시간설정DATA2^5,M,075,117,,,117,M,275,437,,에어블로시간설정DATA2^5,
M076 ,M276 에어블로시간설정DATA2^6,M,076,118,,,118,M,276,438,,에어블로시간설정DATA2^6,
M077 ,M277 에어블로시간설정DATA2^7,M,077,119,,,119,M,277,439,,에어블로시간설정DATA2^7,
M078 ,M278 에어블로시간설정DATA2^8,M,078,120,,,120,M,278,440,,에어블로시간설정DATA2^8,
M079 ,M279 에어블로시간설정DATA2^9,M,079,121,,,121,M,279,441,,에어블로시간설정DATA2^9,
M07A ,M27A 에어블로시간설정DATA2^10,M,07A,122,,,122,M,27A,442,,에어블로시간설정DATA2^10,
M07B ,M27B 에어블로시간설정DATA2^11,M,07B,123,,,123,M,27B,443,,에어블로시간설정DATA2^11,
M07C ,M27C 에어블로시간설정DATA2^12,M,07C,124,,,124,M,27C,444,,에어블로시간설정DATA2^12,
M07D ,M27D 에어블로시간설정DATA2^13,M,07D,125,,,125,M,27D,445,,에어블로시간설정DATA2^13,
M07E ,M27E 에어블로시간설정DATA2^14,M,07E,126,,,126,M,27E,446,,에어블로시간설정DATA2^14,
M07F ,M27F 에어블로시간설정DATA2^15,M,07F,127,,,127,M,27F,447,,에어블로시간설정DATA2^15,
M080 ,M280 ,M,080,128,,,128,M,280,448,,,
M081 ,M281 ,M,081,129,,,129,M,281,449,,,
M082 ,M282 ,M,082,130,,,130,M,282,450,,,
M083 ,M283 ,M,083,131,,,131,M,283,451,,,
M084 ,M284 ,M,084,132,,,132,M,284,452,,,
M085 ,M285 ,M,085,133,,,133,M,285,453,,,
M086 ,M286 ,M,086,134,,,134,M,286,454,,,
M087 ,M287 ,M,087,135,,,135,M,287,455,,,
M088 ,M288 ,M,088,136,,,136,M,288,456,,,
M089 ,M289 ,M,089,137,,,137,M,289,457,,,
M08A ,M28A ,M,08A,138,,,138,M,28A,458,,,
M08B ,M28B ,M,08B,139,,,139,M,28B,459,,,
M08C ,M28C ,M,08C,140,,,140,M,28C,460,,,
M08D ,M28D ,M,08D,141,,,141,M,28D,461,,,
M08E ,M28E ,M,08E,142,,,142,M,28E,462,,,
M08F ,M28F ,M,08F,143,,,143,M,28F,463,,,
M090 ,M290 ,M,090,144,,,144,M,290,464,,,
M091 ,M291 ,M,091,145,,,145,M,291,465,,,
M092 ,M292 ,M,092,146,,,146,M,292,466,,,
M093 ,M293 ,M,093,147,,,147,M,293,467,,,
M094 ,M294 ,M,094,148,,,148,M,294,468,,,
M095 ,M295 ,M,095,149,,,149,M,295,469,,,
M096 ,M296 ,M,096,150,,,150,M,296,470,,,
M097 ,M297 ,M,097,151,,,151,M,297,471,,,
M098 ,M298 ,M,098,152,,,152,M,298,472,,,
M099 ,M299 ,M,099,153,,,153,M,299,473,,,
M09A ,M29A ,M,09A,154,,,154,M,29A,474,,,
M09B ,M29B ,M,09B,155,,,155,M,29B,475,,,
M09C ,M29C ,M,09C,156,,,156,M,29C,476,,,
M09D ,M29D ,M,09D,157,,,157,M,29D,477,,,
M09E ,M29E ,M,09E,158,,,158,M,29E,478,,,
M09F ,M29F ,M,09F,159,,,159,M,29F,479,,,
M100 ,M300 ,M,100,160,,,160,M,300,480,,,
M101 ,M301 ,M,101,161,,,161,M,301,481,,,
M102 ,M302 ,M,102,162,,,162,M,302,482,,,
M103 ,M303 ,M,103,163,,,163,M,303,483,,,
M104 ,M304 ,M,104,164,,,164,M,304,484,,,
M105 ,M305 ,M,105,165,,,165,M,305,485,,,
M106 ,M306 ,M,106,166,,,166,M,306,486,,,
M107 ,M307 ,M,107,167,,,167,M,307,487,,,
M108 ,M308 ,M,108,168,,,168,M,308,488,,,
M109 ,M309 ,M,109,169,,,169,M,309,489,,,
M10A ,M30A ,M,10A,170,,,170,M,30A,490,,,
M10B ,M30B ,M,10B,171,,,171,M,30B,491,,,
M10C ,M30C ,M,10C,172,,,172,M,30C,492,,,
M10D ,M30D ,M,10D,173,,,173,M,30D,493,,,
M10E ,M30E ,M,10E,174,,,174,M,30E,494,,,
M10F ,M30F ,M,10F,175,,,175,M,30F,495,,,
M110 ,M310 안전도어 사용 선택,M,110,176,,,176,M,310,496,안전도어 사용 선택,"0:미사용, 1:사용",
M111 ,M311 ,M,111,177,,,177,M,311,497,,,
M112 ,M312 ,M,112,178,,,178,M,312,498,,,
M113 ,M313 ,M,113,179,,,179,M,313,499,,,
M114 ,M314 ,M,114,180,,,180,M,314,500,,,
M115 ,M315 ,M,115,181,,,181,M,315,501,,,
M116 ,M316 ,M,116,182,,,182,M,316,502,,,
M117 ,M317 ,M,117,183,,,183,M,317,503,,,
M118 ,M318 ,M,118,184,,,184,M,318,504,,,
M119 ,M319 ,M,119,185,,,185,M,319,505,,,
M11A ,M31A ,M,11A,186,,,186,M,31A,506,,,
M11B ,M31B ,M,11B,187,,,187,M,31B,507,,,
M11C ,M31C ,M,11C,188,,,188,M,31C,508,,,
M11D ,M31D ,M,11D,189,,,189,M,31D,509,,,
M11E ,M31E ,M,11E,190,,,190,M,31E,510,,,
M11F ,M31F ,M,11F,191,,,191,M,31F,511,,,
M120 ,M320 ,M,120,192,,,192,M,320,512,,,
M121 ,M321 ,M,121,193,,,193,M,321,513,,,
M122 ,M322 ,M,122,194,,,194,M,322,514,,,
M123 ,M323 ,M,123,195,,,195,M,323,515,,,
M124 ,M324 ,M,124,196,,,196,M,324,516,,,
M125 ,M325 ,M,125,197,,,197,M,325,517,,,
M126 ,M326 ,M,126,198,,,198,M,326,518,,,
M127 ,M327 ,M,127,199,,,199,M,327,519,,,
M128 ,M328 ,M,128,200,,,200,M,328,520,,,
M129 ,M329 ,M,129,201,,,201,M,329,521,,,
M12A ,M32A ,M,12A,202,,,202,M,32A,522,,,
M12B ,M32B ,M,12B,203,,,203,M,32B,523,,,
M12C ,M32C ,M,12C,204,,,204,M,32C,524,,,
M12D ,M32D ,M,12D,205,,,205,M,32D,525,,,
M12E ,M32E ,M,12E,206,,,206,M,32E,526,,,
M12F ,M32F ,M,12F,207,,,207,M,32F,527,,,
M130 I/F LAMP 1,M330 ,M,130,208,I/F LAMP 1,FOR LOG,208,M,330,528,,,
M131 I/F LAMP 2,M331 ,M,131,209,I/F LAMP 2,FOR LOG,209,M,331,529,,,
M132 I/F LAMP 3,M332 ,M,132,210,I/F LAMP 3,FOR LOG,210,M,332,530,,,
M133 I/F LAMP 4,M333 ,M,133,211,I/F LAMP 4,FOR LOG,211,M,333,531,,,
M134 I/F LAMP 5,M334 ,M,134,212,I/F LAMP 5,FOR LOG,212,M,334,532,,,
M135 I/F LAMP 6,M335 ,M,135,213,I/F LAMP 6,FOR LOG,213,M,335,533,,,
M136 I/F LAMP 7,M336 ,M,136,214,I/F LAMP 7,FOR LOG,214,M,336,534,,,
M137 I/F LAMP 8,M337 ,M,137,215,I/F LAMP 8,FOR LOG,215,M,337,535,,,
M138 WORK DETECT LAMP 1,M338 ,M,138,216,WORK DETECT LAMP 1,FOR LOG,216,M,338,536,,,
M139 WORK DETECT LAMP 2,M339 ,M,139,217,WORK DETECT LAMP 2,FOR LOG,217,M,339,537,,,
M13A WORK DETECT LAMP 3,M33A ,M,13A,218,WORK DETECT LAMP 3,FOR LOG,218,M,33A,538,,,
M13B WORK DETECT LAMP 4,M33B ,M,13B,219,WORK DETECT LAMP 4,FOR LOG,219,M,33B,539,,,
M13C WORK DETECT LAMP 5,M33C ,M,13C,220,WORK DETECT LAMP 5,FOR LOG,220,M,33C,540,,,
M13D WORK DETECT LAMP 6,M33D ,M,13D,221,WORK DETECT LAMP 6,FOR LOG,221,M,33D,541,,,
M13E WORK DETECT LAMP 7,M33E ,M,13E,222,WORK DETECT LAMP 7,FOR LOG,222,M,33E,542,,,
M13F WORK DETECT LAMP 8,M33F ,M,13F,223,WORK DETECT LAMP 8,FOR LOG,223,M,33F,543,,,
M140 CYCLE TIME 2^0,M340 ,M,140,224,CYCLE TIME 2^0,,224,M,340,544,,,
M141 CYCLE TIME 2^1,M341 ,M,141,225,CYCLE TIME 2^1,,225,M,341,545,,,
M142 CYCLE TIME 2^2,M342 ,M,142,226,CYCLE TIME 2^2,,226,M,342,546,,,
M143 CYCLE TIME 2^3,M343 ,M,143,227,CYCLE TIME 2^3,,227,M,343,547,,,
M144 CYCLE TIME 2^4,M344 ,M,144,228,CYCLE TIME 2^4,,228,M,344,548,,,
M145 CYCLE TIME 2^5,M345 ,M,145,229,CYCLE TIME 2^5,,229,M,345,549,,,
M146 CYCLE TIME 2^6,M346 ,M,146,230,CYCLE TIME 2^6,,230,M,346,550,,,
M147 CYCLE TIME 2^7,M347 ,M,147,231,CYCLE TIME 2^7,,231,M,347,551,,,
M148 CYCLE TIME 2^8,M348 ,M,148,232,CYCLE TIME 2^8,,232,M,348,552,,,
M149 CYCLE TIME 2^9,M349 ,M,149,233,CYCLE TIME 2^9,,233,M,349,553,,,
M14A CYCLE TIME 2^10,M34A ,M,14A,234,CYCLE TIME 2^10,,234,M,34A,554,,,
M14B CYCLE TIME 2^11,M34B ,M,14B,235,CYCLE TIME 2^11,,235,M,34B,555,,,
M14C CYCLE TIME 2^12,M34C ,M,14C,236,CYCLE TIME 2^12,,236,M,34C,556,,,
M14D CYCLE TIME 2^13,M34D ,M,14D,237,CYCLE TIME 2^13,,237,M,34D,557,,,
M14E CYCLE TIME 2^14,M34E ,M,14E,238,CYCLE TIME 2^14,,238,M,34E,558,,,
M14F CYCLE TIME 2^15,M34F ,M,14F,239,CYCLE TIME 2^15,,239,M,34F,559,,,
M150 비상정지에러,M350 ITEM 1 -NG,M,150,240,비상정지에러,,240,M,350,560,ITEM 1 -NG,,
M151 메인에어압력이상에러,M351 ITEM 1 -OK,M,151,241,메인에어압력이상에러,,241,M,351,561,ITEM 1 -OK,,
M152 원점복귀이상에러,M352 ITEM 1 OK,M,152,242,원점복귀이상에러,,242,M,352,562,ITEM 1 OK,,
M153 PC통신이상에러,M353 ITEM 1 +OK,M,153,243,PC통신이상에러,,243,M,353,563,ITEM 1 +OK,,
M154 측정 AMP통신에러,M354 ITEM 1 +NG,M,154,244,측정 AMP통신에러,,244,M,354,564,ITEM 1 +NG,,
M155 마킹 CONTROLLER통신에러,M355 ITEM 2 -NG,M,155,245,마킹 CONTROLLER통신에러,,245,M,355,565,ITEM 2 -NG,,
M156 측정 검사지연에러,M356 ITEM 2 -OK,M,156,246,측정 검사지연에러,,246,M,356,566,ITEM 2 -OK,,
M157 마킹 지연에러,M357 ITEM 2 OK,M,157,247,마킹 지연에러,,247,M,357,567,ITEM 2 OK,,
M158 마킹 컨트롤러READY지연에러,M358 ITEM 2 +OK,M,158,248,마킹 컨트롤러READY지연에러,,248,M,358,568,ITEM 2 +OK,,
M159 마킹 컨트롤러에러,M359 ITEM 2 +NG,M,159,249,마킹 컨트롤러에러,,249,M,359,569,ITEM 2 +NG,,
M15A 정면-좌측DOOR열림에러,M35A ITEM 3 -NG,M,15A,250,정면-좌측DOOR열림에러,,250,M,35A,570,ITEM 3 -NG,,
M15B 정면-우측DOOR열림에러,M35B ITEM 3 -OK,M,15B,251,정면-우측DOOR열림에러,,251,M,35B,571,ITEM 3 -OK,,
M15C ERROR#13,M35C ITEM 3 OK,M,15C,252,ERROR#13,,252,M,35C,572,ITEM 3 OK,,
M15D ERROR#14,M35D ITEM 3 +OK,M,15D,253,ERROR#14,,253,M,35D,573,ITEM 3 +OK,,
M15E ERROR#15,M35E ITEM 3 +NG,M,15E,254,ERROR#15,,254,M,35E,574,ITEM 3 +NG,,
M15F ERROR#16,M35F ITEM 4 -NG,M,15F,255,ERROR#16,,255,M,35F,575,ITEM 4 -NG,,
M160 ERROR#17,M360 ITEM 4 -OK,M,160,256,ERROR#17,,256,M,360,576,ITEM 4 -OK,,
M161 ERROR#18,M361 ITEM 4 OK,M,161,257,ERROR#18,,257,M,361,577,ITEM 4 OK,,
M162 ERROR#19,M362 ITEM 4 +OK,M,162,258,ERROR#19,,258,M,362,578,ITEM 4 +OK,,
M163 측정리프트 상하에러,M363 ITEM 4 +NG,M,163,259,측정리프트 상하에러,,259,M,363,579,ITEM 4 +NG,,
M164 측정부상하 상하에러,M364 ITEM 5 -NG,M,164,260,측정부상하 상하에러,,260,M,364,580,ITEM 5 -NG,,
M165 측정부전후 전후에러,M365 ITEM 5 -OK,M,165,261,측정부전후 전후에러,,261,M,365,581,ITEM 5 -OK,,
M166 ERROR#23,M366 ITEM 5 OK,M,166,262,ERROR#23,,262,M,366,582,ITEM 5 OK,,
M167 ERROR#24,M367 ITEM 5 +OK,M,167,263,ERROR#24,,263,M,367,583,ITEM 5 +OK,,
M168 ERROR#25,M368 ITEM 5 +NG,M,168,264,ERROR#25,,264,M,368,584,ITEM 5 +NG,,
M169 ERROR#26,M369 ITEM 6 -NG,M,169,265,ERROR#26,,265,M,369,585,ITEM 6 -NG,,
M16A ERROR#27,M36A ITEM 6 -OK,M,16A,266,ERROR#27,,266,M,36A,586,ITEM 6 -OK,,
M16B ERROR#28,M36B ITEM 6 OK,M,16B,267,ERROR#28,,267,M,36B,587,ITEM 6 OK,,
M16C ERROR#29,M36C ITEM 6 +OK,M,16C,268,ERROR#29,,268,M,36C,588,ITEM 6 +OK,,
M16D ERROR#30,M36D ITEM 6 +NG,M,16D,269,ERROR#30,,269,M,36D,589,ITEM 6 +NG,,
M16E 측정 연속NG알람,M36E ITEM 7 -NG,M,16E,270,측정 연속NG알람,,270,M,36E,590,ITEM 7 -NG,,
M16F 불량배출 제품FULL감지알람,M36F ITEM 7 -OK,M,16F,271,불량배출 제품FULL감지알람,,271,M,36F,591,ITEM 7 -OK,,
M170 1번항목 보정신호이상알람,M370 ITEM 7 OK,M,170,272,1번항목 보정신호이상알람,,272,M,370,592,ITEM 7 OK,,
M171 2번항목 보정신호이상알람,M371 ITEM 7 +OK,M,171,273,2번항목 보정신호이상알람,,273,M,371,593,ITEM 7 +OK,,
M172 3번항목 보정신호이상알람,M372 ITEM 7 +NG,M,172,274,3번항목 보정신호이상알람,,274,M,372,594,ITEM 7 +NG,,
M173 4번항목 보정신호이상알람,M373 ITEM 8 -NG,M,173,275,4번항목 보정신호이상알람,,275,M,373,595,ITEM 8 -NG,,
M174 5번항목 보정신호이상알람,M374 ITEM 8 -OK,M,174,276,5번항목 보정신호이상알람,,276,M,374,596,ITEM 8 -OK,,
M175 ERROR#38,M375 ITEM 8 OK,M,175,277,ERROR#38,,277,M,375,597,ITEM 8 OK,,
M176 ERROR#39,M376 ITEM 8 +OK,M,176,278,ERROR#39,,278,M,376,598,ITEM 8 +OK,,
M177 ERROR#40,M377 ITEM 8 +NG,M,177,279,ERROR#40,,279,M,377,599,ITEM 8 +NG,,
M178 ERROR#41,M378 ITEM 9 -NG,M,178,280,ERROR#41,,280,M,378,600,ITEM 9 -NG,,
M179 ERROR#42,M379 ITEM 9 -OK,M,179,281,ERROR#42,,281,M,379,601,ITEM 9 -OK,,
M17A ERROR#43,M37A ITEM 9 OK,M,17A,282,ERROR#43,,282,M,37A,602,ITEM 9 OK,,
M17B ERROR#44,M37B ITEM 9 +OK,M,17B,283,ERROR#44,,283,M,37B,603,ITEM 9 +OK,,
M17C ERROR#45,M37C ITEM 9 +NG,M,17C,284,ERROR#45,,284,M,37C,604,ITEM 9 +NG,,
M17D ERROR#46,M37D ITEM 10 -NG,M,17D,285,ERROR#46,,285,M,37D,605,ITEM 10 -NG,,
M17E ERROR#47,M37E ITEM 10 -OK,M,17E,286,ERROR#47,,286,M,37E,606,ITEM 10 -OK,,
M17F ERROR#48,M37F ITEM 10 OK,M,17F,287,ERROR#48,,287,M,37F,607,ITEM 10 OK,,
M180 ERROR#49,M380 ITEM 10 +OK,M,180,288,ERROR#49,,288,M,380,608,ITEM 10 +OK,,
M181 ERROR#50,M381 ITEM 10 +NG,M,181,289,ERROR#50,,289,M,381,609,ITEM 10 +NG,,
M182 ERROR#51,M382 ITEM 11 -NG,M,182,290,ERROR#51,,290,M,382,610,ITEM 11 -NG,,
M183 ERROR#52,M383 ITEM 11 -OK,M,183,291,ERROR#52,,291,M,383,611,ITEM 11 -OK,,
M184 ERROR#53,M384 ITEM 11 OK,M,184,292,ERROR#53,,292,M,384,612,ITEM 11 OK,,
M185 ERROR#54,M385 ITEM 11 +OK,M,185,293,ERROR#54,,293,M,385,613,ITEM 11 +OK,,
M186 ERROR#55,M386 ITEM 11 +NG,M,186,294,ERROR#55,,294,M,386,614,ITEM 11 +NG,,
M187 ERROR#56,M387 ITEM 12 -NG,M,187,295,ERROR#56,,295,M,387,615,ITEM 12 -NG,,
M188 ERROR#57,M388 ITEM 12 -OK,M,188,296,ERROR#57,,296,M,388,616,ITEM 12 -OK,,
M189 ERROR#58,M389 ITEM 12 OK,M,189,297,ERROR#58,,297,M,389,617,ITEM 12 OK,,
M18A ERROR#59,M38A ITEM 12 +OK,M,18A,298,ERROR#59,,298,M,38A,618,ITEM 12 +OK,,
M18B ERROR#60,M38B ITEM 12 +NG,M,18B,299,ERROR#60,,299,M,38B,619,ITEM 12 +NG,,
M18C ERROR#61,M38C ITEM 13 -NG,M,18C,300,ERROR#61,,300,M,38C,620,ITEM 13 -NG,,
M18D ERROR#62,M38D ITEM 13 -OK,M,18D,301,ERROR#62,,301,M,38D,621,ITEM 13 -OK,,
M18E ERROR#63,M38E ITEM 13 OK,M,18E,302,ERROR#63,,302,M,38E,622,ITEM 13 OK,,
M18F ERROR#64,M38F ITEM 13 +OK,M,18F,303,ERROR#64,,303,M,38F,623,ITEM 13 +OK,,
M190 ERROR#65,M390 ITEM 13 +NG,M,190,304,ERROR#65,,304,M,390,624,ITEM 13 +NG,,
M191 ERROR#66,M391 ITEM 14 -NG,M,191,305,ERROR#66,,305,M,391,625,ITEM 14 -NG,,
M192 ERROR#67,M392 ITEM 14 -OK,M,192,306,ERROR#67,,306,M,392,626,ITEM 14 -OK,,
M193 ERROR#68,M393 ITEM 14 OK,M,193,307,ERROR#68,,307,M,393,627,ITEM 14 OK,,
M194 ERROR#69,M394 ITEM 14 +OK,M,194,308,ERROR#69,,308,M,394,628,ITEM 14 +OK,,
M195 ERROR#70,M395 ITEM 14 +NG,M,195,309,ERROR#70,,309,M,395,629,ITEM 14 +NG,,
M196 ERROR#71,M396 ITEM 15 -NG,M,196,310,ERROR#71,,310,M,396,630,ITEM 15 -NG,,
M197 ERROR#72,M397 ITEM 15 -OK,M,197,311,ERROR#72,,311,M,397,631,ITEM 15 -OK,,
M198 ERROR#73,M398 ITEM 15 OK,M,198,312,ERROR#73,,312,M,398,632,ITEM 15 OK,,
M199 ERROR#74,M399 ITEM 15 +OK,M,199,313,ERROR#74,,313,M,399,633,ITEM 15 +OK,,
M19A ERROR#75,M39A ITEM 15 +NG,M,19A,314,ERROR#75,,314,M,39A,634,ITEM 15 +NG,,
M19B ERROR#76,M39B ITEM 16 -NG,M,19B,315,ERROR#76,,315,M,39B,635,ITEM 16 -NG,,
M19C ERROR#77,M39C ITEM 16 -OK,M,19C,316,ERROR#77,,316,M,39C,636,ITEM 16 -OK,,
M19D ERROR#78,M39D ITEM 16 OK,M,19D,317,ERROR#78,,317,M,39D,637,ITEM 16 OK,,
M19E ERROR#79,M39E ITEM 16 +OK,M,19E,318,ERROR#79,,318,M,39E,638,ITEM 16 +OK,,
M19F ERROR#80,M39F ITEM 16 +NG,M,19F,319,ERROR#80,,319,M,39F,639,ITEM 16 +NG,,
